0.3124,0.9448,44.2219,distracted
0.261,0.9463,37.7182,distracted
0.2458,0.9299,35.1509,distracted
0.2458,0.9299,35.1509,distracted
0.2522,0.9306,38.5877,distracted
0.225,0.9125,38.2004,distracted
0.2322,0.9053,36.561,distracted
0.2322,0.9053,36.561,distracted
0.2315,0.9025,38.002,distracted
0.2392,0.8783,36.1399,distracted
0.2298,0.8733,38.3015,distracted
0.2344,0.8791,35.3332,distracted
0.2246,0.8787,29.8946,distracted
0.2139,0.8989,34.5307,distracted
0.2139,0.8989,34.5307,distracted
0.231,0.8636,29.3508,distracted
0.2123,0.8949,30.5257,distracted
0.2123,0.8949,30.5257,distracted
0.2514,0.8949,35.1387,distracted
0.252,0.9169,32.3618,distracted
0.2369,0.9322,30.4314,distracted
0.2369,0.9322,30.4314,distracted
0.2371,0.9153,33.8707,distracted
0.2266,0.8954,31.7645,distracted
0.2266,0.8954,31.7645,distracted
0.2135,0.9097,33.9977,distracted
0.1927,0.8944,35.6506,distracted
0.2657,0.905,31.712,distracted
0.2657,0.905,31.712,distracted
0.2088,0.9307,28.0717,distracted
0.4094,0.9056,33.6159,distracted
0.4187,0.9412,34.9065,distracted
0.4187,0.9412,34.9065,distracted
0.4467,0.9814,31.758,distracted
0.4984,0.9416,34.7688,distracted
0.4955,0.9669,36.5507,distracted
0.4955,0.9669,36.5507,distracted
0.4467,0.9752,33.571,distracted
0.4899,0.9907,35.3807,distracted
0.4823,0.9679,36.164,distracted
0.4862,0.9651,39.0728,distracted
0.4862,0.9651,39.0728,distracted
0.4838,0.9896,37.2181,distracted
0.4901,0.9452,32.1633,distracted
0.4669,0.9381,34.9077,distracted
0.4669,0.9381,34.9077,distracted
0.19,1.0061,34.1087,distracted
0.472,0.9682,35.3406,distracted
0.4728,0.939,38.5769,distracted
0.4728,0.939,38.5769,distracted
0.4814,0.9996,38.8085,distracted
0.478,0.9507,38.0468,distracted
0.47,0.9704,35.9474,distracted
0.471,1.006,38.2879,distracted
0.471,1.006,38.2879,distracted
0.487,0.9647,35.3629,distracted
0.4719,0.9648,37.3356,distracted
0.4487,0.9518,36.3114,distracted
0.4487,0.9518,36.3114,distracted
0.3926,0.8771,24.5893,distracted
0.4032,0.8296,20.4505,distracted
0.3688,0.7638,18.0205,distracted
0.3688,0.7638,18.0205,distracted
0.3518,0.7581,17.2234,distracted
0.364,0.7514,14.6289,distracted
0.3524,0.7754,16.2028,distracted
0.345,0.7619,17.2814,distracted
0.345,0.7619,17.2814,distracted
0.3805,0.7451,19.2214,distracted
0.3586,0.76,18.6497,distracted
0.3442,0.7564,20.6475,distracted
0.3442,0.7564,20.6475,distracted
0.347,0.7617,18.0768,distracted
0.347,0.7617,18.0768,distracted
0.3584,0.7843,15.3229,distracted
0.3668,0.7534,13.8208,distracted
0.1483,0.7499,14.9509,distracted
0.2517,0.7803,15.4434,distracted
0.2517,0.7803,15.4434,distracted
0.327,0.8003,11.1388,distracted
0.3727,0.7914,11.4332,distracted
0.3672,0.7925,17.4546,distracted
0.3672,0.7925,17.4546,distracted
0.364,0.7762,12.9411,distracted
0.3476,0.7973,18.2645,distracted
0.367,0.7808,19.2425,distracted
0.367,0.7808,19.2425,distracted
0.3666,0.8138,20.5781,distracted
0.3861,0.795,19.724,distracted
0.3861,0.795,19.724,distracted
0.3757,0.7839,20.2032,distracted
0.3617,0.7925,21.5952,distracted
0.3577,0.7755,15.0975,distracted
0.3631,0.7697,12.0588,distracted
0.3562,0.8023,20.6661,distracted
0.3562,0.8023,20.6661,distracted
0.3573,0.8375,18.5223,distracted
0.402,0.8659,24.3708,distracted
0.4136,0.8875,28.2244,distracted
0.4136,0.8875,28.2244,distracted
0.4356,0.9065,30.2827,distracted
0.4474,0.92,27.3554,distracted
0.4474,0.92,27.3554,distracted
0.4482,0.9264,30.837,distracted
0.449,1.0081,28.9882,distracted
0.4596,1.029,34.0016,distracted
0.4596,1.029,34.0016,distracted
0.4447,0.891,31.4103,distracted
0.4475,0.888,29.1752,distracted
0.4308,0.8949,31.0945,distracted
0.4308,0.8949,31.0945,distracted
0.44,0.8759,31.6897,distracted
0.4346,0.8906,27.8623,distracted
0.4206,0.9023,28.7998,distracted
0.4206,0.9023,28.7998,distracted
0.3752,0.8905,24.7183,distracted
0.405,0.8516,22.8752,distracted
0.4244,0.8219,28.517,distracted
0.419,0.8084,23.9139,distracted
0.419,0.8084,23.9139,distracted
0.4019,0.8077,21.025,distracted
0.3547,0.8589,21.8786,distracted
0.4263,0.8762,23.0467,distracted
0.4263,0.8762,23.0467,distracted
0.4263,0.8762,23.0467,distracted
0.4376,0.9212,27.9893,distracted
0.4376,0.9212,-174.5175,distracted
0.3627,0.9173,22.8593,distracted
0.3627,0.9173,28.7886,distracted
0.2722,0.8543,9.6066,distracted
0.2722,0.8543,8.3267,distracted
0.2722,0.8543,10.8897,distracted
0.2722,0.8543,10.8897,distracted
0.2722,0.8543,-16.1651,distracted
0.2722,0.8543,-16.1651,distracted
0.4332,0.82,8.1024,distracted
0.4998,0.8009,5.4638,distracted
0.3619,0.8238,166.7769,distracted
0.3619,0.8238,166.7769,distracted
0.4307,0.8267,13.5845,distracted
0.4482,0.8505,14.7367,distracted
0.3952,0.8596,11.142,distracted
0.3952,0.8596,11.142,distracted
0.1734,0.793,15.2613,distracted
0.3305,0.884,13.9975,distracted
0.3212,0.8487,10.752,distracted
0.3212,0.8487,10.752,distracted
0.4034,0.8888,7.6085,distracted
0.349,0.87,4.415,distracted
0.349,0.87,4.415,distracted
0.2911,0.8377,8.6496,distracted
0.2665,0.8391,8.382,distracted
0.4354,0.7814,10.7386,distracted
0.3872,0.7763,14.4524,distracted
0.3872,0.7763,14.4524,distracted
0.4486,0.8229,4.8768,distracted
0.4424,0.8795,8.2353,distracted
0.4424,0.8795,8.2353,distracted
0.3929,0.8967,3.838,distracted
0.4036,0.8237,5.1227,distracted
0.438,0.8312,6.7562,distracted
0.438,0.8312,6.7562,distracted
0.4382,0.8669,3.4173,distracted
0.4282,0.8933,12.8361,distracted
0.3913,0.8551,9.6632,distracted
0.3913,0.8551,9.6632,distracted
0.2785,0.8453,5.9943,distracted
0.3015,0.868,6.909,distracted
0.3015,0.868,6.909,distracted
0.3513,0.8938,11.8701,distracted
0.352,0.8835,7.4277,distracted
0.325,0.8669,7.2688,distracted
0.3258,0.875,13.3543,distracted
0.3258,0.875,13.3543,distracted
0.3263,0.867,7.9698,distracted
0.3667,0.8354,7.6568,distracted
0.3258,0.8566,9.1715,distracted
0.3258,0.8566,9.1715,distracted
0.276,0.8828,6.5328,distracted
0.3126,0.917,10.609,distracted
0.3384,0.9065,14.5266,distracted
0.3384,0.9065,14.5266,distracted
0.3388,0.9108,11.6763,distracted
0.3567,0.9156,15.7844,distracted
0.3679,0.9028,12.6046,distracted
0.3679,0.9028,12.6046,distracted
0.3648,0.9147,16.4317,distracted
0.3559,0.9152,15.2268,distracted
0.3559,0.9152,15.2268,distracted
0.3356,0.9277,13.6582,distracted
0.3512,0.9232,14.3434,distracted
0.3598,0.8982,12.3032,distracted
0.3598,0.8982,12.3032,distracted
0.3443,0.9196,12.9857,distracted
0.3543,0.9047,14.899,distracted
0.3524,0.8993,11.752,distracted
0.3524,0.8993,11.752,distracted
0.3511,0.9055,15.3198,distracted
0.368,0.903,21.17,distracted
0.3649,0.9254,16.0436,distracted
0.34,0.9159,16.631,distracted
0.34,0.9159,16.631,distracted
0.368,0.9231,18.243,distracted
0.3616,0.941,19.7344,distracted
0.3616,0.941,19.7344,distracted
0.3616,0.9053,15.7702,distracted
0.3435,0.9303,18.9721,distracted
0.3435,0.9303,18.9721,distracted
0.3468,0.9276,19.8129,distracted
0.3597,0.9101,18.6133,distracted
0.36,0.9314,17.3849,distracted
0.1362,0.9299,21.1104,distracted
0.2954,0.945,23.628,distracted
0.2954,0.945,23.628,distracted
0.323,0.9614,20.0627,distracted
0.3527,0.9414,22.4021,distracted
0.3504,0.9485,20.5134,distracted
0.3504,0.9485,20.5134,distracted
0.3432,0.9682,22.3185,distracted
0.344,0.9637,21.372,distracted
0.344,0.9637,21.372,distracted
0.354,0.9812,20.6335,distracted
0.354,0.9812,20.6335,distracted
0.3552,0.9717,23.8975,distracted
0.3623,0.9696,18.4996,distracted
0.3646,0.9372,22.8652,distracted
0.3348,0.941,11.8466,distracted
0.2974,0.9042,17.9688,distracted
0.296,0.8583,15.4792,distracted
0.2327,0.8378,20.3026,distracted
0.3842,0.812,23.0527,distracted
0.2037,0.7143,23.0527,distracted
0.2037,0.7143,23.0527,distracted
0.233,0.9002,23.0527,distracted
0.233,0.9002,23.0527,distracted
0.233,0.9002,23.0527,distracted
0.233,0.9002,23.0527,distracted
0.233,0.9002,-9.4407,distracted
0.233,0.9002,-9.4407,distracted
0.233,0.9002,25.1025,distracted
0.233,0.9002,25.1025,distracted
0.233,0.9002,21.6919,distracted
0.233,0.9002,44.1027,distracted
0.233,0.9002,36.8908,distracted
0.233,0.9002,36.8908,distracted
0.233,0.9002,167.6302,distracted
0.233,0.9002,40.1908,distracted
0.233,0.9002,129.6309,distracted
0.233,0.9002,129.6309,distracted
0.233,0.9002,38.3005,distracted
0.4223,0.837,48.3463,distracted
0.4223,0.837,48.3463,distracted
0.4223,0.837,122.777,distracted
0.3624,0.9107,45.4907,distracted
0.4908,1.024,42.6774,distracted
0.4908,1.024,42.6774,distracted
0.477,1.0461,35.0227,distracted
0.5264,0.9635,37.8859,distracted
0.5264,0.9635,37.8859,distracted
0.4914,0.9707,41.3654,distracted
0.461,0.9307,40.2121,distracted
0.4706,0.987,38.3476,distracted
0.485,0.9698,39.2097,distracted
0.485,0.9698,39.2097,distracted
0.509,0.9987,37.9511,distracted
0.5029,1.0124,39.0938,distracted
0.5008,0.9345,38.7029,distracted
0.5008,0.9345,38.7029,distracted
0.5045,0.992,36.1035,distracted
0.4994,0.9628,37.9209,distracted
0.4994,0.9628,37.9209,distracted
0.531,0.9657,36.1134,distracted
0.4808,0.8658,47.6589,distracted
0.4649,0.9623,40.6777,distracted
0.4649,0.9623,40.6777,distracted
0.383,0.9852,37.0533,distracted
0.4324,0.9669,38.6217,distracted
0.4324,0.9669,38.6217,distracted
0.4462,0.986,34.7431,distracted
0.4341,0.9735,34.2376,distracted
0.4736,1.0592,36.9294,distracted
0.4736,1.0592,36.9294,distracted
0.4639,0.9804,34.3207,distracted
0.4928,1.0039,40.9763,distracted
0.4794,1.0353,41.6101,distracted
0.4794,1.0353,41.6101,distracted
0.4744,0.9876,40.6075,distracted
0.4894,0.9859,41.4457,distracted
0.4802,0.9592,42.8122,distracted
0.4802,0.9592,42.8122,distracted
0.4836,0.9595,41.5872,distracted
0.4679,0.924,43.935,distracted
0.4528,0.9658,38.9967,distracted
0.4528,0.9658,38.9967,distracted
0.4682,0.975,40.3957,distracted
0.4774,1.0021,46.496,distracted
0.4866,0.9998,43.1488,distracted
0.483,0.9475,42.8054,distracted
0.483,0.9475,42.8054,distracted
0.4994,1.0063,38.1208,distracted
0.4993,1.0235,37.7402,distracted
0.4816,0.9591,42.988,distracted
0.4816,0.9591,42.988,distracted
0.4528,0.9794,39.3322,distracted
0.474,0.9909,41.1201,distracted
0.4553,0.953,43.0506,distracted
0.4553,0.953,43.0506,distracted
0.4515,0.959,39.1483,distracted
0.4515,0.959,39.1483,distracted
0.475,0.9915,42.8977,distracted
0.468,1.009,45.7644,distracted
0.4681,1.1095,41.5332,distracted
0.4428,1.0782,46.704,distracted
0.4428,1.0782,46.704,distracted
0.4859,1.1029,42.1868,distracted
0.4816,1.0312,47.1921,distracted
0.4982,1.1128,44.5579,distracted
0.4982,1.1128,44.5579,distracted
0.5036,1.0221,42.8955,distracted
0.4872,1.0304,41.1395,distracted
0.441,1.1113,48.9822,distracted
0.441,1.1113,48.9822,distracted
0.4354,1.0325,41.5687,distracted
0.4678,0.9943,35.7752,distracted
0.4678,0.9943,35.7752,distracted
0.4869,0.9861,40.0242,distracted
0.481,0.9558,42.5477,distracted
0.4392,0.9491,40.5136,distracted
0.4392,0.9491,40.5136,distracted
0.4634,0.9862,42.7324,distracted
0.4663,0.9972,42.6189,distracted
0.4665,0.9519,39.6486,distracted
0.4665,0.9519,39.6486,distracted
0.4978,0.9955,39.3716,distracted
0.4376,0.9453,40.657,distracted
0.4048,0.9416,36.8375,distracted
0.4048,0.9416,36.8375,distracted
0.3172,0.9518,39.5526,distracted
0.2636,0.9607,40.417,distracted
0.258,0.9374,36.8299,distracted
0.258,0.9374,36.8299,distracted
0.2757,0.9488,39.2401,distracted
0.2567,0.928,34.8964,distracted
0.2567,0.928,34.8964,distracted
0.2716,0.9215,35.3298,distracted
0.2702,0.9027,36.0193,distracted
0.2737,0.8694,32.4278,distracted
0.2737,0.8694,32.4278,distracted
0.2686,0.8556,35.4692,distracted
0.2572,0.8822,30.8047,distracted
0.2475,0.9064,32.4688,distracted
0.2475,0.9064,32.4688,distracted
0.2135,0.8639,32.1084,distracted
0.2118,0.9315,34.9116,distracted
0.4151,0.8897,32.1837,distracted
0.4186,0.9059,33.8931,distracted
0.4186,0.9059,33.8931,distracted
0.4213,0.9031,38.4354,distracted
0.4243,0.9215,39.595,distracted
0.4616,0.9173,38.0303,distracted
0.4616,0.9173,38.0303,distracted
0.4376,0.9249,39.184,distracted
0.429,0.9396,38.9759,distracted
0.429,0.9396,38.9759,distracted
0.4346,0.9307,42.9512,distracted
0.441,0.9444,39.8225,distracted
0.4541,0.9393,43.3894,distracted
0.4541,0.9393,43.3894,distracted
0.4208,0.9299,39.668,distracted
0.4302,0.9468,37.1883,distracted
0.4506,0.9502,41.285,distracted
0.4484,0.9505,41.0695,distracted
0.4484,0.9505,41.0695,distracted
0.429,0.9352,41.2648,distracted
0.4471,0.9408,34.9238,distracted
0.4471,0.9408,34.9238,distracted
0.4224,0.9128,38.216,distracted
0.427,0.9333,36.2274,distracted
0.4338,0.9312,39.1593,distracted
0.4338,0.9312,39.1593,distracted
0.4508,0.9409,36.5414,distracted
0.4272,0.9256,34.9908,distracted
0.4272,0.9256,34.9908,distracted
0.4391,0.9496,38.4221,distracted
0.4428,0.9435,39.2296,distracted
0.4424,0.9501,30.5421,distracted
0.4424,0.9501,30.5421,distracted
0.4476,0.8749,31.4416,distracted
0.4126,0.961,31.5573,distracted
0.4402,0.9853,33.0018,distracted
0.4402,0.9853,33.0018,distracted
0.4224,1.0095,36.0824,distracted
0.4332,1.0042,29.2989,distracted
0.4304,1.037,30.0748,distracted
0.4208,1.0152,23.0748,distracted
0.4208,1.0152,23.0748,distracted
0.3942,1.0422,25.9402,distracted
0.3984,1.087,29.7636,distracted
0.4132,1.0457,26.6686,distracted
0.426,1.0738,29.8395,distracted
0.4096,1.0811,25.4754,distracted
0.4096,1.0811,25.4754,distracted
0.4248,1.0812,27.7767,distracted
0.4236,1.0859,30.2993,distracted
0.4229,1.0885,29.3448,distracted
0.4229,1.0885,29.3448,distracted
0.3614,1.0555,27.0038,distracted
0.2878,1.047,30.5393,distracted
0.2878,1.047,30.5393,distracted
0.2798,1.0673,23.326,distracted
0.252,1.0477,26.6022,distracted
0.26,1.0564,25.484,distracted
0.26,1.0564,25.484,distracted
0.261,1.021,30.7661,distracted
0.2636,1.0151,30.849,distracted
0.2544,1.0502,30.1363,distracted
0.2544,1.0502,30.1363,distracted
0.2572,1.0598,29.4659,distracted
0.2574,0.9919,33.2655,distracted
0.2298,0.9974,30.9297,distracted
0.2298,0.9974,30.9297,distracted
0.2364,1.014,31.275,distracted
0.2607,1.0286,32.7769,distracted
0.2544,1.0277,32.5285,distracted
0.2544,1.0277,32.5285,distracted
0.2434,1.0454,31.1431,distracted
0.2578,0.9856,35.8566,distracted
0.2578,0.9856,35.8566,distracted
0.2543,0.9917,34.0084,distracted
0.2293,1.0018,29.2853,distracted
0.2578,0.9881,31.1723,distracted
0.2578,0.9881,31.1723,distracted
0.2338,1.0175,29.7564,distracted
0.2646,1.0007,31.8825,distracted
0.2359,0.9902,32.7878,distracted
0.2359,0.9902,32.7878,distracted
0.2486,0.9915,33.3073,distracted
0.1782,1.0329,33.1678,distracted
0.2204,1.0253,35.2541,distracted
0.2204,1.0253,35.2541,distracted
0.3083,1.1464,39.6592,distracted
0.3366,1.137,42.5644,distracted
0.331,1.1352,36.5782,distracted
0.331,1.1352,36.5782,distracted
0.3518,1.1174,41.0779,distracted
0.3448,1.0762,42.5002,distracted
0.3448,1.0762,42.5002,distracted
0.303,1.0806,41.6201,distracted
0.3163,1.1386,43.9077,distracted
0.2789,1.0951,42.8137,distracted
0.2789,1.0951,42.8137,distracted
0.1844,1.1629,43.1189,distracted
0.2622,1.1826,43.6942,distracted
0.4412,1.2332,43.4568,distracted
0.4278,1.2336,41.9249,distracted
0.4278,1.2336,41.9249,distracted
0.4496,1.1443,46.5893,distracted
0.4594,1.1543,42.9334,distracted
0.4614,1.0948,43.0766,distracted
0.4614,1.0948,43.0766,distracted
0.474,1.0336,48.6244,distracted
0.4806,0.9299,44.6552,distracted
0.3677,0.9931,46.7483,distracted
0.3677,0.9931,46.7483,distracted
0.3406,0.9887,51.8182,distracted
0.3402,1.017,47.4061,distracted
0.2582,1.0995,49.6601,distracted
0.2582,1.0995,49.6601,distracted
0.2192,1.1665,47.8708,distracted
0.4336,1.0729,47.5994,distracted
0.5286,0.967,40.8125,distracted
0.5286,0.967,40.8125,distracted
0.5169,0.9227,46.1326,distracted
0.4084,1.0937,42.8819,distracted
0.3728,1.1036,38.8478,distracted
0.3741,1.116,42.3652,distracted
0.3741,1.116,42.3652,distracted
0.3578,1.0437,41.0483,distracted
0.3369,1.0356,34.4959,distracted
0.3369,1.0356,34.4959,distracted
0.2804,0.9519,33.9897,distracted
0.2487,0.758,26.828,distracted
0.2487,0.758,26.828,distracted
0.3273,0.7913,42.7295,distracted
0.3273,0.7913,42.7295,distracted
0.3273,0.7913,42.7295,distracted
0.3273,0.7913,42.7295,distracted
0.3743,0.7415,-48.094,distracted
0.4071,0.7787,-115.4735,distracted
0.4855,0.7999,-115.063,distracted
0.4918,0.9067,5.9622,distracted
0.5382,0.9384,-28.8735,distracted
0.5382,0.9384,-28.8735,distracted
0.5382,0.9384,47.8127,distracted
0.4677,0.8236,34.3927,distracted
0.4677,0.8236,34.3927,distracted
0.4573,0.7912,-77.392,distracted
0.4573,0.7912,50.5097,distracted
0.523,0.8588,35.2479,distracted
0.523,0.8588,35.2479,distracted
0.523,0.8588,23.8482,distracted
0.36,0.7436,48.858,distracted
0.3466,0.7948,48.858,distracted
0.3466,0.7948,48.858,distracted
0.2902,0.7649,48.858,distracted
0.3026,0.8479,-145.3132,distracted
0.2726,0.7999,36.7116,distracted
0.3216,0.7722,37.7261,distracted
0.3009,0.8624,29.8554,distracted
0.3386,0.9901,31.8285,distracted
0.3386,0.9901,31.8285,distracted
0.3582,0.9339,30.8418,distracted
0.3527,0.9283,30.0971,distracted
0.344,0.8988,28.9427,distracted
0.3653,0.9125,29.3698,distracted
0.3518,0.8589,28.8133,distracted
0.3608,0.7926,26.1414,distracted
0.3556,0.8315,28.5557,distracted
0.3494,0.8646,20.6958,distracted
0.3498,0.7969,30.0988,distracted
0.3376,0.7987,30.2972,distracted
0.3366,0.7528,31.4506,distracted
0.3366,0.7528,31.4506,distracted
0.3136,0.7471,28.3234,distracted
0.3136,0.7471,28.3234,distracted
0.3252,0.7648,31.3668,distracted
0.3219,0.7898,26.5149,distracted
0.3172,0.7536,31.5676,distracted
0.3213,0.7308,27.9442,distracted
0.3213,0.7308,27.9442,distracted
0.3112,0.7785,20.7229,distracted
0.3099,0.7771,26.109,distracted
0.3176,0.757,26.8652,distracted
0.3541,0.7831,30.188,distracted
0.3718,0.8886,31.5574,distracted
0.3792,0.7579,29.0271,distracted
0.3576,0.7749,32.1203,distracted
0.3607,0.8217,33.6935,distracted
0.3954,0.8531,36.0814,distracted
0.4178,0.867,37.7202,distracted
0.4204,0.9444,32.404,distracted
0.4268,0.9249,33.2589,distracted
0.3217,0.9216,35.1413,distracted
0.3758,0.973,32.1023,distracted
0.3668,0.9598,32.7658,distracted
0.3966,0.9763,33.4641,distracted
0.3732,0.9247,28.4342,distracted
0.379,0.9403,32.7255,distracted
0.3624,0.912,35.2379,distracted
0.363,0.9565,34.7516,distracted
0.4116,0.9434,34.2159,distracted
0.3898,1.0525,32.9406,distracted
0.3723,1.139,33.4562,distracted
0.3852,0.9956,37.0784,distracted
0.3335,1.2663,31.6526,distracted
0.3861,1.0851,36.7261,distracted
0.3982,1.1134,34.2889,distracted
0.3859,1.1023,34.1202,distracted
0.3778,0.9684,30.4,distracted
0.3644,1.054,32.8138,distracted
0.3641,0.9333,32.2837,distracted
0.3808,1.0442,31.9742,distracted
0.3912,0.9576,29.8905,distracted
0.3747,0.9909,24.8025,distracted
0.3896,1.0184,28.4797,distracted
0.3838,0.9761,33.3956,distracted
0.3808,1.1245,27.462,distracted
0.3807,1.1096,29.5072,distracted
0.394,0.9918,26.8418,distracted
0.3582,1.041,31.3628,distracted
0.379,0.9314,25.0929,distracted
0.3506,0.9138,31.3244,distracted
0.3598,0.9636,23.4748,distracted
0.3846,0.9526,32.858,distracted
0.3812,0.882,29.8083,distracted
0.3729,0.8084,23.1454,distracted
0.3736,0.7479,26.2435,distracted
0.3918,0.694,23.062,distracted
0.3748,0.6515,25.199,distracted
0.3816,0.6267,23.4732,distracted
0.377,0.6828,22.1937,distracted
0.375,0.6556,22.977,distracted
0.3755,0.647,27.736,distracted
0.3979,0.6417,25.1222,distracted
0.402,0.6416,30.2495,distracted
0.3996,0.6092,31.3938,distracted
0.4015,0.6202,29.0922,distracted
0.3397,0.632,24.8792,distracted
0.3342,0.6726,27.0443,distracted
0.3526,0.6384,23.6116,distracted
0.3609,0.6629,24.0899,distracted
0.3424,0.7319,25.4328,distracted
0.356,0.8028,27.4911,distracted
0.3746,0.8518,23.2372,distracted
0.2662,0.9248,27.0641,distracted
0.2363,0.9126,28.2459,distracted
0.3893,0.984,30.8501,distracted
0.4226,0.9329,38.8536,distracted
0.4212,0.9108,39.1139,distracted
0.4232,0.8696,39.1444,distracted
0.417,0.8856,37.9553,distracted
0.3751,0.8619,36.0742,distracted
0.2659,0.9241,37.8366,distracted
0.3712,1.119,48.6619,distracted
0.3984,1.1056,-67.0907,distracted
0.507,1.1047,-77.8767,distracted
0.6774,1.2116,52.5906,distracted
0.7377,1.1329,10.4084,distracted
0.6426,1.0536,-17.6387,distracted
0.7109,1.0924,29.9757,distracted
0.6843,1.1398,51.2972,distracted
0.7279,1.0352,63.2817,distracted
0.2978,1.1399,56.6397,distracted
0.4012,1.031,43.0599,distracted
0.4152,0.829,30.9098,distracted
0.4053,0.8338,22.0164,distracted
0.3836,0.9566,18.5461,distracted
0.2684,0.8423,-72.9026,distracted
0.2037,0.8188,20.9833,distracted
0.2204,0.7665,106.3563,distracted
0.1318,0.7943,22.3048,distracted
0.1318,0.7943,34.2343,distracted
0.4374,0.9385,34.2343,distracted
0.4364,0.9357,-67.8182,distracted
0.4893,0.9196,-91.5607,distracted
0.525,0.9895,33.7459,distracted
0.5742,0.9728,33.7459,distracted
0.5174,1.0367,33.7459,distracted
0.5426,0.9044,41.4418,distracted
0.5028,0.9102,41.4418,distracted
0.5248,0.9475,41.0166,distracted
0.5024,1.0144,44.2524,distracted
0.4186,0.9152,36.8551,distracted
0.366,0.8387,1.5404,distracted
0.3698,0.8127,-11.3492,distracted
0.3758,0.8147,41.2325,distracted
0.3638,0.7975,41.5988,distracted
0.374,0.7998,36.6231,distracted
0.3527,0.7914,39.4954,distracted
0.3522,0.8197,39.4954,distracted
0.3226,0.7866,39.4954,distracted
0.2527,0.805,11.3086,distracted
0.4574,0.8352,11.3086,distracted
0.4081,0.8247,11.3086,distracted
0.4586,0.8728,11.3086,distracted
0.4432,0.8636,11.3086,distracted
0.2692,0.8445,11.3086,distracted
0.3866,0.8012,34.2381,distracted
0.4212,0.8269,34.6324,distracted
0.3912,0.8152,34.6324,distracted
0.4798,0.8344,34.6324,distracted
0.445,0.8122,34.6324,distracted
0.3658,0.8028,34.6324,distracted
0.1632,0.8341,34.6324,distracted
0.4167,0.8132,34.6324,distracted
0.4068,0.9109,37.5518,distracted
0.4514,0.9852,42.2797,distracted
0.4707,0.9692,38.1057,distracted
0.4852,1.0151,35.8601,distracted
0.5304,0.9481,50.8059,distracted
0.5918,1.0149,51.1333,distracted
0.5712,1.0079,46.273,distracted
0.6178,1.0167,46.273,distracted
0.5533,0.9446,46.273,distracted
0.547,1.0247,163.104,distracted
0.5426,1.0055,63.0823,distracted
0.527,0.9622,63.0823,distracted
0.5078,1.1555,63.0823,distracted
0.5394,1.0285,44.4612,distracted
0.5712,1.0528,44.4612,distracted
0.52,0.8407,43.2425,distracted
0.459,1.0596,26.9394,distracted
0.466,1.1106,33.6438,distracted
0.4528,1.1332,36.8913,distracted
0.4497,1.1464,43.8362,distracted
0.5726,1.2301,57.5241,distracted
0.6532,1.2308,49.8345,distracted
0.6532,1.2308,60.5305,distracted
0.6524,1.3156,45.5591,distracted
0.5496,1.1496,48.7875,distracted
0.5254,1.1083,44.9352,distracted
0.5142,1.0486,46.2327,distracted
0.4898,1.0745,41.4056,distracted
0.4849,1.1003,42.6788,distracted
0.4882,1.1249,42.915,distracted
0.4894,1.0996,42.8723,distracted
0.4788,1.206,34.2947,distracted
0.1764,1.2716,32.2395,distracted
0.3478,0.907,35.163,distracted
0.3478,0.907,40.3161,distracted
0.3478,0.907,43.7539,distracted
0.3478,0.907,49.9014,distracted
0.3478,0.907,51.515,distracted
0.3478,0.907,52.3223,distracted
0.3478,0.907,61.7902,distracted
0.3478,0.907,45.7987,distracted
0.3478,0.907,57.7376,distracted
0.3478,0.907,57.7376,distracted
0.3478,0.907,57.7376,distracted
0.3478,0.907,57.7376,distracted
0.3478,0.907,-37.9708,distracted
0.3478,0.907,-37.9708,distracted
0.3478,0.907,-37.9708,distracted
0.3478,0.907,31.3494,distracted
0.3478,0.907,8.673,distracted
0.3478,0.907,18.3621,distracted
0.3478,0.907,67.8411,distracted
0.3478,0.907,67.8411,distracted
0.3478,0.907,6.0962,distracted
0.3478,0.907,15.6399,distracted
0.3478,0.907,15.6399,distracted
0.3478,0.907,34.357,distracted
0.3478,0.907,34.357,distracted
0.3478,0.907,32.2538,distracted
0.3478,0.907,32.2538,distracted
0.5217,0.9751,32.2538,distracted
0.4746,0.9887,41.407,distracted
0.4746,0.9887,36.8958,distracted
0.4746,0.9887,71.7036,distracted
0.4746,0.9887,71.7036,distracted
0.4746,0.9887,71.7036,distracted
0.4746,0.9887,71.7036,distracted
0.4746,0.9887,71.7036,distracted
0.4746,0.9887,71.7036,distracted
0.4746,0.9887,71.7036,distracted
0.4746,0.9887,26.984,distracted
0.4746,0.9887,26.984,distracted
0.4746,0.9887,26.984,distracted
0.4746,0.9887,26.984,distracted
0.4746,0.9887,26.984,distracted
0.4746,0.9887,18.2622,distracted
0.4746,0.9887,49.9727,distracted
0.4746,0.9887,21.8187,distracted
0.4746,0.9887,50.9732,distracted
0.4746,0.9887,47.6396,distracted
0.4746,0.9887,39.3943,distracted
0.4746,0.9887,39.3943,distracted
0.4746,0.9887,39.3943,distracted
0.4746,0.9887,39.3943,distracted
0.4746,0.9887,45.6446,distracted
0.4746,0.9887,45.6446,distracted
0.4746,0.9887,45.8061,distracted
0.4746,0.9887,38.8457,distracted
0.4746,0.9887,38.8457,distracted
0.4746,0.9887,38.8457,distracted
0.4746,0.9887,38.8457,distracted
0.4746,0.9887,38.8457,distracted
0.4746,0.9887,56.9829,distracted
0.4746,0.9887,56.9829,distracted
0.4746,0.9887,56.9829,distracted
0.4746,0.9887,56.9829,distracted
0.4746,0.9887,56.9829,distracted
0.4746,0.9887,56.9829,distracted
0.4746,0.9887,56.9829,distracted
0.4746,0.9887,56.9829,distracted
0.4746,0.9887,56.9829,distracted
0.4746,0.9887,56.9829,distracted
0.4746,0.9887,56.9829,distracted
0.4746,0.9887,56.9829,distracted
0.4746,0.9887,56.9829,distracted
0.4746,0.9887,56.9829,distracted
0.4746,0.9887,56.9829,distracted
0.4746,0.9887,56.9829,distracted
0.4746,0.9887,56.9829,distracted
0.4746,0.9887,56.9829,distracted
0.4746,0.9887,56.9829,distracted
0.4746,0.9887,56.9829,distracted
0.4746,0.9887,56.9829,distracted
0.4746,0.9887,56.9829,distracted
0.4746,0.9887,56.9829,distracted
0.4746,0.9887,56.9829,distracted
0.4746,0.9887,56.9829,distracted
0.4746,0.9887,56.9829,distracted
0.4746,0.9887,50.9238,distracted
0.4746,0.9887,46.7776,distracted
0.4746,0.9887,57.8645,distracted
0.4746,0.9887,57.8645,distracted
0.4746,0.9887,52.5483,distracted
0.4746,0.9887,44.4035,distracted
0.4746,0.9887,44.4035,distracted
0.4746,0.9887,51.247,distracted
0.4232,1.0163,-135.4296,distracted
0.4232,1.0163,-135.4296,distracted
0.4232,1.0163,-139.9302,distracted
0.4232,1.0163,-147.835,distracted
0.4232,1.0163,-6.1085,distracted
0.4232,1.0163,-32.9883,distracted
0.4232,1.0163,-32.9883,distracted
0.4232,1.0163,-148.8525,distracted
0.4232,1.0163,20.5226,distracted
0.4304,0.9497,30.1382,distracted
0.4182,0.9058,33.2432,distracted
0.4542,0.932,37.9999,distracted
0.4803,1.039,36.8565,distracted
0.48,1.1283,37.2372,distracted
0.1955,0.9643,41.4336,distracted
0.3909,0.9983,36.1956,distracted
0.4438,1.2294,45.128,distracted
0.3773,1.2256,49.9718,distracted
0.4134,1.1508,44.0844,distracted
0.3189,1.1454,49.4933,distracted
0.4641,1.0592,50.5544,distracted
0.4732,1.0459,51.9376,distracted
0.5058,0.7599,47.484,distracted
0.4757,0.6507,46.5014,distracted
0.453,0.7202,46.4695,distracted
0.491,0.6689,49.0173,distracted
0.4732,0.7169,50.2008,distracted
0.4708,0.7042,51.4972,distracted
0.2951,0.6382,38.3427,distracted
0.3091,0.7415,26.2994,distracted
0.313,0.7342,25.5012,distracted
0.3495,0.7853,24.8888,distracted
0.358,0.7838,26.1024,distracted
0.3482,0.8077,27.3893,distracted
0.2728,0.7729,23.426,distracted
0.3186,0.8213,29.1939,distracted
0.3339,0.8737,26.5784,distracted
0.3442,0.8917,29.4835,distracted
0.3402,0.8243,29.7304,distracted
0.3368,0.9056,28.1621,distracted
0.2804,0.8878,25.9826,distracted
0.3642,0.9618,23.9323,distracted
0.3568,0.7844,28.9655,distracted
0.2376,0.8757,28.7816,distracted
0.3208,0.933,30.7082,distracted
0.3622,0.9678,35.6311,distracted
0.4148,0.8382,34.9397,distracted
0.379,0.8769,36.2828,distracted
0.415,0.9742,33.2691,distracted
0.4023,0.961,33.7768,distracted
0.3804,0.9207,39.6941,distracted
0.3355,0.9628,33.9088,distracted
0.3544,0.9829,33.9786,distracted
0.3216,0.9571,27.21,distracted
0.351,0.9488,31.4841,distracted
0.386,0.9731,41.1211,distracted
0.4018,0.9997,44.0105,distracted
0.4003,1.0627,44.6336,distracted
0.4208,1.0325,44.2418,distracted
0.4186,1.053,52.8397,distracted
0.4539,0.9589,50.164,distracted
0.4833,0.9814,46.5583,distracted
0.4846,1.0309,48.2113,distracted
0.4019,0.9843,44.135,distracted
0.3658,0.99,48.5478,distracted
0.3705,1.0328,44.1989,distracted
0.3705,1.0328,44.1989,distracted
